Player,Baseline_AAS,AAS_Std_Dev,L10_AAS,L30_AAS,L50_AAS,Home_AAS,Away_AAS,B2B_AAS,Composite_Predictive_AAS
Donte DiVincenzo,28.111764705882354,12.94887183247043,29.46,28.18,28.241999999999997,28.961333333333332,27.2948717948718,30.147826086956524,25.525949882352947
