Player,Baseline_AAS,AAS_Std_Dev,L10_AAS,L30_AAS,L50_AAS,Home_AAS,Away_AAS,B2B_AAS,Composite_Predictive_AAS
Tyrese Maxey,45.07727272727273,14.006125109994121,56.879999999999995,48.34,47.25000000000001,44.8768115942029,45.29682539682539,45.60952380952381,45.78959709090908
Nikola Jokic,60.901898734177216,15.144751551496608,61.879999999999995,63.36333333333334,64.058,62.30963855421687,59.34399999999999,60.964,54.83418749367088
